<?xml version="1.0" encoding="UTF-8"?>
<project-private xmlns="http://www.netbeans.org/ns/project-private/1">
    <editor-bookmarks xmlns="http://www.netbeans.org/ns/editor-bookmarks/2" lastBookmarkId="0"/>
    <open-files xmlns="http://www.netbeans.org/ns/projectui-open-files/2">
        <group>
            <file>file:/C:/xampp/htdocs/BMMelsz2/PostGetAjax/post_keszlet_adatok.php</file>
            <file>file:/C:/xampp/htdocs/BMMelsz2/js/keszletkezeles.js</file>
            <file>file:/C:/xampp/htdocs/BMMelsz2/index.php</file>
            <file>file:/C:/xampp/htdocs/BMMelsz2/includes/keszletnyilvantartasClass.php</file>
        </group>
    </open-files>
</project-private>
